group_dimension,group_order,group_label,algorithm_family,t_model_id,t_plus_ad_model_id,sample_count,roc_auc_gain,average_precision_gain,log_loss_gain,brier_gain,mean_calibrated_pd_change,gain_status,missing_metric_reason
account_count,1,0,logit,logit_T,logit_T_plus_AD,146370,0.017601466364815,0.004054252616798,0.0015790930953293,9.061523853813244e-05,1.7555476067378922e-05,PASS,
account_count,1,0,lightgbm,lightgbm_T,lightgbm_T_plus_AD,146370,0.0162804405574337,0.0073932477149048,0.0017361522234891,0.0001361928353477,-4.767134466257192e-05,PASS,
account_count,1,0,mlp,mlp_T,mlp_T_plus_AD,146370,0.0169572894885686,0.0042685840251651,0.0016833119946788,9.360221336541728e-05,-0.0006184528926833,PASS,
account_count,2,1,logit,logit_T,logit_T_plus_AD,60750,0.0130770530736551,0.0054802882581949,0.0015899045119872,0.0001180132544389,-2.317297912723948e-05,PASS,
account_count,2,1,lightgbm,lightgbm_T,lightgbm_T_plus_AD,60750,0.0119983747642598,0.0086062445823395,0.0017492650472717,0.0001656608811203,9.2529027773125e-06,PASS,
account_count,2,1,mlp,mlp_T,mlp_T_plus_AD,60750,0.0110337326307423,0.0052239141022053,0.0014302152399794,0.0001089009123112,0.0001022890078644,PASS,
account_count,3,2,logit,logit_T,logit_T_plus_AD,19004,0.021342418308974,0.0094227048081103,0.0026311349056922,0.0002423258276229,-5.458933724776516e-05,PASS,
account_count,3,2,lightgbm,lightgbm_T,lightgbm_T_plus_AD,19004,0.0203193077959841,0.0030919351258175,0.0023456252619975,0.0001079091458424,0.0001192656156941,PASS,
account_count,3,2,mlp,mlp_T,mlp_T_plus_AD,19004,0.0227734232131635,0.0080934819978945,0.0028031754401857,0.000253176141246,0.0014027861303638,PASS,
account_count,4,3_plus,logit,logit_T,logit_T_plus_AD,2875,0.0154231752533163,0.008940923100398,0.0028295023898665,0.000323462534185,-0.0001801523532781,PASS,
account_count,4,3_plus,lightgbm,lightgbm_T,lightgbm_T_plus_AD,2875,0.0363543883601706,0.0173404645353083,0.0055463792888923,0.0004978538277683,0.0007822785872874,PASS,
account_count,4,3_plus,mlp,mlp_T,mlp_T_plus_AD,2875,0.0173305759680896,0.0239042547698217,0.0041381371779886,0.0005496478042517,0.000950977709295,PASS,
bureau_history,1,0_to_0_5,logit,logit_T,logit_T_plus_AD,64440,0.0152356900607624,0.0053763171897843,0.0017826097065669,0.0001403952730882,0.0001416103207932,PASS,
bureau_history,1,0_to_0_5,lightgbm,lightgbm_T,lightgbm_T_plus_AD,64440,0.0153947866037748,0.0096668318691679,0.0020969798472557,0.0002178313525942,0.0001193080843536,PASS,
bureau_history,1,0_to_0_5,mlp,mlp_T,mlp_T_plus_AD,64440,0.0166311024159048,0.0064172966285653,0.0020439657582035,0.0001498731435706,-0.0003428922530147,PASS,
bureau_history,2,0_5_to_1,logit,logit_T,logit_T_plus_AD,31251,0.0200702647991937,0.0083947610252583,0.0023745743726936,0.0001856108612571,-0.0001031677087293,PASS,
bureau_history,2,0_5_to_1,lightgbm,lightgbm_T,lightgbm_T_plus_AD,31251,0.0198954460033293,0.0125815848311389,0.0027586425054639,0.0002701938438507,6.07869584432312e-05,PASS,
bureau_history,2,0_5_to_1,mlp,mlp_T,mlp_T_plus_AD,31251,0.0222057584879025,0.0121204746942502,0.0028169936735183,0.0002432652382023,6.96474098139388e-05,PASS,
bureau_history,3,1_to_2,logit,logit_T,logit_T_plus_AD,36639,0.016214758047499,0.0055959436171301,0.0017208058717121,0.0001306638721784,-5.498634829452856e-05,PASS,
bureau_history,3,1_to_2,lightgbm,lightgbm_T,lightgbm_T_plus_AD,36639,0.0173734262765526,0.0076227940170646,0.0019536097278358,0.0001535298727314,2.5112057518379693e-05,PASS,
bureau_history,3,1_to_2,mlp,mlp_T,mlp_T_plus_AD,36639,0.0175156383974699,0.0053663054721449,0.0018298579047703,0.0001225359102815,-8.363929851861254e-05,PASS,
bureau_history,4,2_to_3,logit,logit_T,logit_T_plus_AD,24999,0.010681488621907,0.000552514493936,0.0009653123896423,-7.715311863970564e-06,0.0004208890290758,PASS,
bureau_history,4,2_to_3,lightgbm,lightgbm_T,lightgbm_T_plus_AD,24999,0.0115762861098392,-0.0002965841842628,0.0010971814759864,-1.0112940106291046e-05,0.0003171770662609,PASS,
bureau_history,4,2_to_3,mlp,mlp_T,mlp_T_plus_AD,24999,0.0103226873920615,-0.0023085209575045,0.0009930863103562,-1.6212615166592836e-05,-0.0001237959670149,PASS,
bureau_history,5,3_to_4,logit,logit_T,logit_T_plus_AD,14697,0.0251454774253964,0.0062129515128744,0.0023292538387793,0.0001519983011185,-0.0004097441773006,PASS,
bureau_history,5,3_to_4,lightgbm,lightgbm_T,lightgbm_T_plus_AD,14697,0.018138952591284,0.007048707535284,0.0019611772040748,0.0001172035892516,-0.0004199424481851,PASS,
bureau_history,5,3_to_4,mlp,mlp_T,mlp_T_plus_AD,14697,0.0204868579822672,0.0089163991259725,0.0022345801207952,0.0001503363573261,-0.0005790652161651,PASS,
bureau_history,6,4_to_5,logit,logit_T,logit_T_plus_AD,16478,0.0137432060994429,0.0048195436667597,0.0011962902203679,5.647733468976471e-05,0.0003201627793117,PASS,
bureau_history,6,4_to_5,lightgbm,lightgbm_T,lightgbm_T_plus_AD,16478,0.015850036653319,0.0029439651382206,0.0012276323247797,2.1636330808514487e-05,8.762043275551551e-05,PASS,
bureau_history,6,4_to_5,mlp,mlp_T,mlp_T_plus_AD,16478,0.0076805038841706,-0.0006080467906017,0.0006604089126246,2.1109527884009133e-05,-5.1500655238706505e-05,PASS,
bureau_history,7,gt_5,logit,logit_T,logit_T_plus_AD,40495,0.0167248075829518,0.0045300860192507,0.0013742512579553,8.30004933683702e-05,-0.0003470943169171,PASS,
bureau_history,7,gt_5,lightgbm,lightgbm_T,lightgbm_T_plus_AD,40495,0.011191749131508,0.0066964154037111,0.0012720519535905,8.761986905535604e-05,-0.0003854534597934,PASS,
bureau_history,7,gt_5,mlp,mlp_T,mlp_T_plus_AD,40495,0.0097475272345375,0.0061561884953375,0.0010643153389087,6.929610059421346e-05,-0.0004810093503302,PASS,
ad_richness,1,0,logit,logit_T,logit_T_plus_AD,17190,0.0062997599367935,0.0006286544196631,0.0021123700470686,0.0001333167559465,0.0108765058713602,PASS,
ad_richness,1,0,lightgbm,lightgbm_T,lightgbm_T_plus_AD,17190,0.0086793765623265,0.0062019266803121,0.0024003721701545,0.0002670136384427,0.0095342850327003,PASS,
ad_richness,1,0,mlp,mlp_T,mlp_T_plus_AD,17190,0.006394102332722,-0.0024319151498154,0.0018348368775773,0.0001150191805946,0.0099269869268982,PASS,
ad_richness,2,1,logit,logit_T,logit_T_plus_AD,191459,0.016938791521415,0.0038298272866425,0.0015430174581306,9.341494466123464e-05,-0.0002508637500327,PASS,
ad_richness,2,1,lightgbm,lightgbm_T,lightgbm_T_plus_AD,191459,0.0144989182907314,0.0057359042997232,0.001627156241761,0.0001166138630908,-0.0001729992361105,PASS,
ad_richness,2,1,mlp,mlp_T,mlp_T_plus_AD,191459,0.0158549115503718,0.0042459402901349,0.0016801503521539,9.977021103363055e-05,-0.0003562556112553,PASS,
ad_richness,3,2,logit,logit_T,logit_T_plus_AD,12456,0.0180290172050903,0.0089065532888814,0.0022055895959428,0.0002951197436138,-0.0083483880461759,PASS,
ad_richness,3,2,lightgbm,lightgbm_T,lightgbm_T_plus_AD,12456,0.0196593075450259,0.0089557045081956,0.0027103212059801,0.0003074975677249,-0.0077919897848628,PASS,
ad_richness,3,2,mlp,mlp_T,mlp_T_plus_AD,12456,0.0088656077183607,0.0012882693432274,0.0013246251051178,0.0001673536177172,-0.0088595925380434,PASS,
ad_richness,4,3,logit,logit_T,logit_T_plus_AD,7894,0.0316837933533684,0.0136553381951234,0.0033755279899678,0.0002679141163988,-0.0044771990041443,PASS,
ad_richness,4,3,lightgbm,lightgbm_T,lightgbm_T_plus_AD,7894,0.0360618314937148,0.0163331581873193,0.0043520002622837,0.0003462821431974,-0.004511659536459,PASS,
ad_richness,4,3,mlp,mlp_T,mlp_T_plus_AD,7894,0.0275313796907964,0.0275998160663548,0.0036382518918097,0.0004489792256997,-0.0059536054829993,PASS,
